Region/City;Number of Students
Abay;14920
Akmola;12000
Aktobe;24900
Almaty;11600
Atyrau;11800
West Kazakhstan;26900
Zhambyl;22400
Zhetisu;18840
Karagandy;41200
Kostanay;18400
Kyzylorda;12500
Mangystau;6600
Pavlodar;16700
North Kazakhstan;7300
Turkistan;13200
Ulytau;14920
East Kazakhstan;32200
Astana city;62800
Almaty city;172200
Shymkent city;82800
